Community code,Community name,NVC species,Species constancy value,Maximum abundance of species,Associated species
A1,Lemna gibba community,Lemna gibba,V,10,Bolboschoenus maritimus
A1,Lemna gibba community,Lemna gibba,V,10,Rhopalosiphum nymphaeae
A1,Lemna gibba community,Lemna gibba,V,10,Myocastor coypus
A1,Lemna gibba community,Lemna minor,II,3,Sminthurides aquaticus
A1,Lemna gibba community,Lemna minor,II,3,Munroessa icciusalis
A1,Lemna gibba community,Lemna minor,II,3,Scirtes tibialis
A1,Lemna gibba community,Lemna minor,II,3,Lemna minor
A1,Lemna gibba community,Lemna minor,II,3,Podura aquatica
A1,Lemna gibba community,Lemna minor,II,3,Lemnaphila scotlandae
A1,Lemna gibba community,Lemna minor,II,3,Rhopalosiphum nymphaeae
A1,Lemna gibba community,Lemna minor,II,3,Tanysphyrus lemnae
A1,Lemna gibba community,Lemna minor,II,3,Synclita obliteralis
A1,Lemna gibba community,Lemna minor,II,3,Sminthurides aquaticus
A1,Lemna gibba community,Lemna minor,II,3,Munroessa icciusalis
A1,Lemna gibba community,Lemna minor,II,3,Scirtes tibialis
A1,Lemna gibba community,Lemna minor,II,3,Lemna minor
A1,Lemna gibba community,Lemna minor,II,3,Podura aquatica
A1,Lemna gibba community,Lemna minor,II,3,Lemnaphila scotlandae
A1,Lemna gibba community,Lemna minor,II,3,Rhopalosiphum nymphaeae
A1,Lemna gibba community,Lemna minor,II,3,Tanysphyrus lemnae
A1,Lemna gibba community,Lemna minor,II,3,Synclita obliteralis
A1,Lemna gibba community,Lemna minor,II,3,Lemna minor
A1,Lemna gibba community,Lemna minor,II,3,Lemna minor
A1,Lemna gibba community,Lemna minor,II,3,Lemna minor
A1,Lemna gibba community,Lemna minor,II,3,Lemna minor
A1,Lemna gibba community,Lemna minor,II,3,Lemna minor
A1,Lemna gibba community,Lemna minor,II,3,Pelophylax bedriagae
A1,Lemna gibba community,Lemna minor,II,3,Persicaria amphibia
A1,Lemna gibba community,Lemna minor,II,3,Ludwigia peploides
A1,Lemna gibba community,Lemna minor,II,3,Lemna minor
A1,Lemna gibba community,Lemna minor,II,3,Lemna minor
A1,Lemna gibba community,Lemna minor,II,3,Lycopus uniflorus
A1,Lemna gibba community,Lemna minor,II,3,Lemna minor
A1,Lemna gibba community,Lemna minor,II,3,Lemna minor
A1,Lemna gibba community,Lemna minor,II,3,Lemna minor
A1,Lemna gibba community,Lemna minor,II,3,Sminthurides aquaticus
A1,Lemna gibba community,Lemna minor,II,3,Munroessa icciusalis
A1,Lemna gibba community,Lemna minor,II,3,Scirtes tibialis
A1,Lemna gibba community,Lemna minor,II,3,Lemna minor
A1,Lemna gibba community,Lemna minor,II,3,Podura aquatica
A1,Lemna gibba community,Lemna minor,II,3,Lemnaphila scotlandae
A1,Lemna gibba community,Lemna minor,II,3,Rhopalosiphum nymphaeae
A1,Lemna gibba community,Lemna minor,II,3,Tanysphyrus lemnae
A1,Lemna gibba community,Lemna minor,II,3,Synclita obliteralis
A1,Lemna gibba community,Lemna minor,II,3,Tanysphyrus lemnae
A1,Lemna gibba community,Lemna minor,II,3,Wolffia brasiliensis
A1,Lemna gibba community,Lemna minor,II,3,Anas strepera
A1,Lemna gibba community,Lemna minor,II,3,Anas platyrhynchos
A1,Lemna gibba community,Lemna minor,II,3,Anas castanea
A1,Lemna gibba community,Lemna minor,II,3,Gallinula galeata
A1,Lemna gibba community,Lemna minor,II,3,Gallinula galeata
A1,Lemna gibba community,Lemna minor,II,3,Quiscalus major
A1,Lemna gibba community,Lemna minor,II,3,Tanysphyrus lemnae
A1,Lemna gibba community,Lemna minor,II,3,Wolffia brasiliensis
A1,Lemna gibba community,Lemna minor,II,3,Anas strepera
A1,Lemna gibba community,Lemna minor,II,3,Anas platyrhynchos
A1,Lemna gibba community,Lemna minor,II,3,Anas castanea
A1,Lemna gibba community,Lemna minor,II,3,Gallinula galeata
A1,Lemna gibba community,Lemna minor,II,3,Gallinula galeata
A1,Lemna gibba community,Lemna minor,II,3,Quiscalus major
A1,Lemna gibba community,Lemna minor,II,3,Burkholderia cenocepacia
A1,Lemna gibba community,Lemna minor,II,3,Anas strepera
A1,Lemna gibba community,Lemna minor,II,3,Anas platyrhynchos
A1,Lemna gibba community,Lemna minor,II,3,Anas castanea
A1,Lemna gibba community,Lemna minor,II,3,Gallinula galeata
A1,Lemna gibba community,Lemna minor,II,3,Gallinula galeata
A1,Lemna gibba community,Lemna minor,II,3,Quiscalus major
A1,Lemna gibba community,Lemna minor,II,3,Anas strepera
A1,Lemna gibba community,Lemna minor,II,3,Anas platyrhynchos
A1,Lemna gibba community,Lemna minor,II,3,Anas castanea
A1,Lemna gibba community,Lemna minor,II,3,Gallinula galeata
A1,Lemna gibba community,Lemna minor,II,3,Gallinula galeata
A1,Lemna gibba community,Lemna minor,II,3,Quiscalus major
A1,Lemna gibba community,Lemna minor,II,3,Burkholderia cenocepacia
A1,Lemna gibba community,Lemna minor,II,3,Rhopalosiphum nymphaeae
A1,Lemna gibba community,Lemna minor,II,3,Rhopalosiphum nymphaeae
A1,Lemna gibba community,Lemna minor,II,3,Rhopalosiphum nymphaeae
A1,Lemna gibba community,Lemna minor,II,3,Rhopalosiphum nymphaeae
A1,Lemna gibba community,Lemna minor,II,3,Rhopalosiphum nymphaeae
A1,Lemna gibba community,Lemna minor,II,3,Rhopalosiphum nymphaeae
A1,Lemna gibba community,Lemna minor,II,3,Tanysphyrus lemnae
A1,Lemna gibba community,Lemna minor,II,3,Rhopalosiphum nymphaeae
A1,Lemna gibba community,Lemna minor,II,3,Azolla rubra
A1,Lemna gibba community,Lemna minor,II,3,Phyllosticta aquatica
A1,Lemna gibba community,Lemna minor,II,3,Phyllosticta aquatica
A1,Lemna gibba community,Lemna minor,II,3,Phyllosticta aquatica
A1,Lemna gibba community,Lemna minor,II,3,Phyllosticta aquatica
A1,Lemna gibba community,Lemna minor,II,3,Phyllosticta aquatica
A1,Lemna gibba community,Lemna minor,II,3,Phyllosticta aquatica
A1,Lemna gibba community,Lemna minor,II,3,Phyllosticta aquatica
A1,Lemna gibba community,Lemna minor,II,3,Burkholderia cenocepacia
A1,Lemna gibba community,Lemna minor,II,3,Luzula rufescens
A1,Lemna gibba community,Lemna minor,II,3,Lycopus uniflorus
A1,Lemna gibba community,Lemna minor,II,3,Anas strepera
A1,Lemna gibba community,Lemna minor,II,3,Anas platyrhynchos
A1,Lemna gibba community,Lemna minor,II,3,Anas castanea
A1,Lemna gibba community,Lemna minor,II,3,Gallinula galeata
A1,Lemna gibba community,Lemna minor,II,3,Gallinula galeata
A1,Lemna gibba community,Lemna minor,II,3,Quiscalus major
A1,Lemna gibba community,Lemna minor,II,3,Anas platyrhynchos
A1,Lemna gibba community,Lemna minor,II,3,Rallus limicola
A1,Lemna gibba community,Lemna minor,II,3,Porzana carolina
A1,Lemna gibba community,Lemna minor,II,3,Gallinula galeata
A1,Lemna gibba community,Lemna minor,II,3,Gallinula galeata
A1,Lemna gibba community,Lemna minor,II,3,Gallinula galeata
A1,Lemna gibba community,Lemna minor,II,3,Gallinula galeata
A1,Lemna gibba community,Lemna minor,II,3,Gallinula galeata
A1,Lemna gibba community,Lemna minor,II,3,Fulica americana
A1,Lemna gibba community,Lemna minor,II,3,Anas strepera
A1,Lemna gibba community,Lemna minor,II,3,Anas castanea
A1,Lemna gibba community,Lemna minor,II,3,Gallinula galeata
A1,Lemna gibba community,Lemna minor,II,3,Gallinula galeata
A1,Lemna gibba community,Lemna minor,II,3,Quiscalus major
A1,Lemna gibba community,Lemna minor,II,3,Tanysphyrus lemnae
A1,Lemna gibba community,Lemna minor,II,3,Wolffia brasiliensis
A1,Lemna gibba community,Lemna minor,II,3,Anas strepera
A1,Lemna gibba community,Lemna minor,II,3,Anas platyrhynchos
A1,Lemna gibba community,Lemna minor,II,3,Anas castanea
A1,Lemna gibba community,Lemna minor,II,3,Gallinula galeata
A1,Lemna gibba community,Lemna minor,II,3,Gallinula galeata
A1,Lemna gibba community,Lemna minor,II,3,Quiscalus major
A1,Lemna gibba community,Lemna minor,II,3,Rallus limicola
A1,Lemna gibba community,Lemna minor,II,3,Porzana carolina
A1,Lemna gibba community,Lemna minor,II,3,Gallinula galeata
A1,Lemna gibba community,Lemna minor,II,3,Gallinula galeata
A1,Lemna gibba community,Lemna minor,II,3,Gallinula galeata
A1,Lemna gibba community,Lemna minor,II,3,Gallinula galeata
A1,Lemna gibba community,Lemna minor,II,3,Gallinula galeata
A1,Lemna gibba community,Lemna minor,II,3,Fulica americana
A1,Lemna gibba community,Lemna minor,II,3,Anas strepera
A1,Lemna gibba community,Lemna minor,II,3,Anas platyrhynchos
A1,Lemna gibba community,Lemna minor,II,3,Anas castanea
A1,Lemna gibba community,Lemna minor,II,3,Gallinula galeata
A1,Lemna gibba community,Lemna minor,II,3,Gallinula galeata
A1,Lemna gibba community,Lemna minor,II,3,Quiscalus major
A1,Lemna gibba community,Lemna minor,II,3,Burkholderia cenocepacia
A1,Lemna gibba community,Lemna minor,II,3,Limnobacter thiooxidans
A1,Lemna gibba community,Lemna minor,II,3,Methylophilus leisingeri
A1,Lemna gibba community,Lemna minor,II,3,Sphingomonas elodea
A1,Lemna gibba community,Lemna minor,II,3,Variovorax paradoxus
A1,Lemna gibba community,Lemna minor,II,3,Herbaspirillum huttiense
A1,Lemna gibba community,Lemna minor,II,3,Serratia marcescens
A1,Lemna gibba community,Lemna minor,II,3,Dyadobacter fermentans
A1,Lemna gibba community,Lemna minor,II,3,Methylobacterium populi
A1,Lemna gibba community,Lemna minor,II,3,Agrobacterium tumefaciens
A1,Lemna gibba community,Lemna minor,II,3,Variovorax paradoxus
A1,Lemna gibba community,Lemna minor,II,3,Microbacterium trichothecenolyticum
A1,Lemna gibba community,Lemna minor,II,3,Methylobacterium extorquens
A1,Lemna gibba community,Lemna minor,II,3,Pseudomonas fluorescens
A1,Lemna gibba community,Lemna minor,II,3,Burkholderia cepacia
A1,Lemna gibba community,Lemna minor,II,3,Zoogloea ramigera
A1,Lemna gibba community,Lemna minor,II,3,Pseudomonas brenneri
A1,Lemna gibba community,Lemna minor,II,3,Rhizobium mongolense
A1,Lemna gibba community,Lemna minor,II,3,Hydrellia personata
A1,Lemna gibba community,Lemna minor,II,3,Myocastor coypus
A1,Lemna gibba community,Lemna minor,II,3,Burkholderia cenocepacia
A1,Lemna gibba community,Lemna minor,II,3,Burkholderia cenocepacia
A1,Lemna gibba community,Lemna minor,II,3,Burkholderia cenocepacia
A1,Lemna gibba community,Lemna minor,II,3,Burkholderia cenocepacia
A1,Lemna gibba community,Spirodela polyrhiza,II,10,Spirodela polyrhiza
A1,Lemna gibba community,Spirodela polyrhiza,II,10,Tracya lemnae
A1,Lemna gibba community,Spirodela polyrhiza,II,10,Tracya lemnae
A1,Lemna gibba community,Spirodela polyrhiza,II,10,Clarias anguillaris
A1,Lemna gibba community,Spirodela polyrhiza,II,10,Tracya lemnae
A1,Lemna gibba community,Spirodela polyrhiza,II,10,Tracya lemnae
A1,Lemna gibba community,Spirodela polyrhiza,II,10,Tracya lemnae
A1,Lemna gibba community,Spirodela polyrhiza,II,10,Tracya lemnae
A1,Lemna gibba community,Spirodela polyrhiza,II,10,Tracya lemnae
A1,Lemna gibba community,Spirodela polyrhiza,II,10,Tracya lemnae
A1,Lemna gibba community,Spirodela polyrhiza,II,10,Tracya lemnae
A1,Lemna gibba community,Spirodela polyrhiza,II,10,Tracya lemnae
A1,Lemna gibba community,Spirodela polyrhiza,II,10,Tracya lemnae
A1,Lemna gibba community,Spirodela polyrhiza,II,10,Tracya lemnae
A1,Lemna gibba community,Spirodela polyrhiza,II,10,Tracya lemnae
A1,Lemna gibba community,Spirodela polyrhiza,II,10,Tracya lemnae
A1,Lemna gibba community,Spirodela polyrhiza,II,10,Tracya lemnae
A1,Lemna gibba community,Spirodela polyrhiza,II,10,Tracya lemnae
A1,Lemna gibba community,Spirodela polyrhiza,II,10,Tracya lemnae
A1,Lemna gibba community,Spirodela polyrhiza,II,10,Tracya lemnae
A1,Lemna gibba community,Spirodela polyrhiza,II,10,Tracya lemnae
A1,Lemna gibba community,Spirodela polyrhiza,II,10,Tracya lemnae
A1,Lemna gibba community,Spirodela polyrhiza,II,10,Tracya lemnae
A1,Lemna gibba community,Spirodela polyrhiza,II,10,Tracya lemnae
A1,Lemna gibba community,Spirodela polyrhiza,II,10,Tracya lemnae
A1,Lemna gibba community,Spirodela polyrhiza,II,10,Tracya lemnae
A1,Lemna gibba community,Spirodela polyrhiza,II,10,Tracya lemnae
A1,Lemna gibba community,Spirodela polyrhiza,II,10,Tracya lemnae
A1,Lemna gibba community,Spirodela polyrhiza,II,10,Tracya lemnae
A1,Lemna gibba community,Spirodela polyrhiza,II,10,Tracya lemnae
A1,Lemna gibba community,Spirodela polyrhiza,II,10,Tracya lemnae
A1,Lemna gibba community,Spirodela polyrhiza,II,10,Tracya lemnae
A1,Lemna gibba community,Spirodela polyrhiza,II,10,Tracya lemnae
A1,Lemna gibba community,Nasturtium officinale,II,7,Peronospora
A1,Lemna gibba community,Nasturtium officinale,II,7,Drupenatus nasturtii
A1,Lemna gibba community,Nasturtium officinale,II,7,Amalorrhynchus melanarius
A1,Lemna gibba community,Nasturtium officinale,II,7,Phaedon cochleariae
A1,Lemna gibba community,Nasturtium officinale,II,7,Phaedon armoraciae
A1,Lemna gibba community,Nasturtium officinale,II,7,Albugo candida
A1,Lemna gibba community,Nasturtium officinale,II,7,Poophagus sisymbrii
A1,Lemna gibba community,Nasturtium officinale,II,7,Nasturtium officinale
A1,Lemna gibba community,Nasturtium officinale,II,7,Cambarus bartonii
A1,Lemna gibba community,Nasturtium officinale,II,7,Gammarus minus
A1,Lemna gibba community,Nasturtium officinale,II,7,Gammarus bousfieldi
A1,Lemna gibba community,Nasturtium officinale,II,7,Spongospora nasturtii
A1,Lemna gibba community,Nasturtium officinale,II,7,Peronospora
A1,Lemna gibba community,Nasturtium officinale,II,7,Drupenatus nasturtii
A1,Lemna gibba community,Nasturtium officinale,II,7,Amalorrhynchus melanarius
A1,Lemna gibba community,Nasturtium officinale,II,7,Phaedon cochleariae
A1,Lemna gibba community,Nasturtium officinale,II,7,Phaedon armoraciae
A1,Lemna gibba community,Nasturtium officinale,II,7,Albugo candida
A1,Lemna gibba community,Nasturtium officinale,II,7,Poophagus sisymbrii
A1,Lemna gibba community,Nasturtium officinale,II,7,Nasturtium officinale
A1,Lemna gibba community,Nasturtium officinale,II,7,Cambarus bartonii
A1,Lemna gibba community,Nasturtium officinale,II,7,Gammarus minus
A1,Lemna gibba community,Nasturtium officinale,II,7,Gammarus bousfieldi
A1,Lemna gibba community,Nasturtium officinale,II,7,Spongospora nasturtii
A1,Lemna gibba community,Nasturtium officinale,II,7,Nasturtium officinale
A1,Lemna gibba community,Nasturtium officinale,II,7,Nasturtium officinale
A1,Lemna gibba community,Nasturtium officinale,II,7,Nasturtium officinale
A1,Lemna gibba community,Nasturtium officinale,II,7,Nasturtium officinale
A1,Lemna gibba community,Nasturtium officinale,II,7,Nasturtium officinale
A1,Lemna gibba community,Nasturtium officinale,II,7,Hydrocotyle verticillata
A1,Lemna gibba community,Nasturtium officinale,II,7,Persicaria amphibia
A1,Lemna gibba community,Nasturtium officinale,II,7,Mentha piperita
A1,Lemna gibba community,Nasturtium officinale,II,7,Bolboschoenus maritimus
A1,Lemna gibba community,Nasturtium officinale,II,7,Paspalum dilatatum
A1,Lemna gibba community,Nasturtium officinale,II,7,Cyperus eragrostis
A1,Lemna gibba community,Nasturtium officinale,II,7,Nasturtium officinale
A1,Lemna gibba community,Nasturtium officinale,II,7,Quercus agrifolia
A1,Lemna gibba community,Nasturtium officinale,II,7,Peronospora
A1,Lemna gibba community,Nasturtium officinale,II,7,Drupenatus nasturtii
A1,Lemna gibba community,Nasturtium officinale,II,7,Amalorrhynchus melanarius
A1,Lemna gibba community,Nasturtium officinale,II,7,Phaedon cochleariae
A1,Lemna gibba community,Nasturtium officinale,II,7,Phaedon armoraciae
A1,Lemna gibba community,Nasturtium officinale,II,7,Albugo candida
A1,Lemna gibba community,Nasturtium officinale,II,7,Poophagus sisymbrii
A1,Lemna gibba community,Nasturtium officinale,II,7,Nasturtium officinale
A1,Lemna gibba community,Nasturtium officinale,II,7,Cambarus bartonii
A1,Lemna gibba community,Nasturtium officinale,II,7,Gammarus minus
A1,Lemna gibba community,Nasturtium officinale,II,7,Gammarus bousfieldi
A1,Lemna gibba community,Nasturtium officinale,II,7,Spongospora nasturtii
A1,Lemna gibba community,Nasturtium officinale,II,7,Drupenatus nasturtii
A1,Lemna gibba community,Nasturtium officinale,II,7,Amalorrhynchus melanarius
A1,Lemna gibba community,Nasturtium officinale,II,7,Phaedon cochleariae
A1,Lemna gibba community,Nasturtium officinale,II,7,Phaedon armoraciae
A1,Lemna gibba community,Nasturtium officinale,II,7,Albugo candida
A1,Lemna gibba community,Nasturtium officinale,II,7,Gammarus minus
A1,Lemna gibba community,Nasturtium officinale,II,7,Hyaloperonospora parasitica
A1,Lemna gibba community,Nasturtium officinale,II,7,Cambarus bartonii
A1,Lemna gibba community,Nasturtium officinale,II,7,Gammarus bousfieldi
A1,Lemna gibba community,Nasturtium officinale,II,7,Spongospora nasturtii
A1,Lemna gibba community,Nasturtium officinale,II,7,Drupenatus nasturtii
A1,Lemna gibba community,Nasturtium officinale,II,7,Amalorrhynchus melanarius
A1,Lemna gibba community,Nasturtium officinale,II,7,Phaedon cochleariae
A1,Lemna gibba community,Nasturtium officinale,II,7,Phaedon armoraciae
A1,Lemna gibba community,Nasturtium officinale,II,7,Albugo candida
A1,Lemna gibba community,Nasturtium officinale,II,7,Gammarus minus
A1,Lemna gibba community,Nasturtium officinale,II,7,Hyaloperonospora parasitica
A1,Lemna gibba community,Nasturtium officinale,II,7,Cambarus bartonii
A1,Lemna gibba community,Nasturtium officinale,II,7,Gammarus bousfieldi
A1,Lemna gibba community,Nasturtium officinale,II,7,Spongospora nasturtii
A1,Lemna gibba community,Nasturtium officinale,II,7,Lipaphis erysimi
A1,Lemna gibba community,Nasturtium officinale,II,7,Lipaphis erysimi
A1,Lemna gibba community,Nasturtium officinale,II,7,Rorippa nasturtium-aquaticum
A1,Lemna gibba community,Nasturtium officinale,II,7,Pieris rapae
A1,Lemna gibba community,Nasturtium officinale,II,7,Piruna pirus
A1,Lemna gibba community,Nasturtium officinale,II,7,Adopaeoides prittwitzi
A1,Lemna gibba community,Nasturtium officinale,II,7,Vanessa cardui
A1,Lemna gibba community,Nasturtium officinale,II,7,Lethe eurydice
A1,Lemna gibba community,Nasturtium officinale,II,7,Euphydryas chalcedona
A1,Lemna gibba community,Nasturtium officinale,II,7,Chlosyne leanira
A1,Lemna gibba community,Nasturtium officinale,II,7,Cercyonis pegala
A1,Lemna gibba community,Nasturtium officinale,II,7,Gammarus minus
A1,Lemna gibba community,Nasturtium officinale,II,7,Lycaena helloides
A1,Lemna gibba community,Nasturtium officinale,II,7,Bombus melanopygus
A1,Lemna gibba community,Nasturtium officinale,II,7,Veronica anagallis-aquatica
A1,Lemna gibba community,Nasturtium officinale,II,7,Pieris rapae
A1,Lemna gibba community,Nasturtium officinale,II,7,Pieris rapae
A1,Lemna gibba community,Nasturtium officinale,II,7,Pontia protodice
A1,Lemna gibba community,Nasturtium officinale,II,7,Pontia protodice
A1,Lemna gibba community,Nasturtium officinale,II,7,Vanessa annabella
A1,Lemna gibba community,Nasturtium officinale,II,7,Persicaria decipiens
A1,Lemna gibba community,Nasturtium officinale,II,7,Gammarus minus
A1,Lemna gibba community,Nasturtium officinale,II,7,Trichogrammatoidea bactrae
A1,Lemna gibba community,Nasturtium officinale,II,7,Cyrtogaster clavicornis
A1,Lemna gibba community,Nasturtium officinale,II,7,Septoria uliginosa
A1,Lemna gibba community,Nasturtium officinale,II,7,Septoria uliginosa
A1,Lemna gibba community,Nasturtium officinale,II,7,Septoria radiculae
A1,Lemna gibba community,Nasturtium officinale,II,7,Septoria radiculae
A1,Lemna gibba community,Nasturtium officinale,II,7,Septoria cucurbitacearum
A1,Lemna gibba community,Nasturtium officinale,II,7,Phyllosticta
A1,Lemna gibba community,Nasturtium officinale,II,7,Peronospora
A1,Lemna gibba community,Nasturtium officinale,II,7,Peronospora
A1,Lemna gibba community,Nasturtium officinale,II,7,Peronospora
A1,Lemna gibba community,Nasturtium officinale,II,7,Peronospora
A1,Lemna gibba community,Nasturtium officinale,II,7,Peronospora
A1,Lemna gibba community,Nasturtium officinale,II,7,Peronospora
A1,Lemna gibba community,Nasturtium officinale,II,7,Peronospora
A1,Lemna gibba community,Nasturtium officinale,II,7,Peronospora
A1,Lemna gibba community,Nasturtium officinale,II,7,Peronospora
A1,Lemna gibba community,Nasturtium officinale,II,7,Peronospora
A1,Lemna gibba community,Nasturtium officinale,II,7,Cercospora armoraciae
A1,Lemna gibba community,Nasturtium officinale,II,7,Cercospora armoraciae
A1,Lemna gibba community,Nasturtium officinale,II,7,Cercospora armoraciae
A1,Lemna gibba community,Nasturtium officinale,II,7,Cercospora armoraciae
A1,Lemna gibba community,Nasturtium officinale,II,7,Cercospora armoraciae
A1,Lemna gibba community,Nasturtium officinale,II,7,Cercospora armoraciae
A1,Lemna gibba community,Nasturtium officinale,II,7,Cercospora armoraciae
A1,Lemna gibba community,Nasturtium officinale,II,7,Cercospora armoraciae
A1,Lemna gibba community,Nasturtium officinale,II,7,Cercospora armoraciae
A1,Lemna gibba community,Nasturtium officinale,II,7,Albugo candida
A1,Lemna gibba community,Nasturtium officinale,II,7,Pieris rapae
A1,Lemna gibba community,Nasturtium officinale,II,7,Pieris nesis
A1,Lemna gibba community,Nasturtium officinale,II,7,Pieris melete
A1,Lemna gibba community,Nasturtium officinale,II,7,Pieris dulcinea
A1,Lemna gibba community,Nasturtium officinale,II,7,Pieris canidia
A1,Lemna gibba community,Nasturtium officinale,II,7,Anthocharis scolymus
A1,Lemna gibba community,Nasturtium officinale,II,7,Atalopedes campestris
A1,Lemna gibba community,Nasturtium officinale,II,7,Eristalis arbustorum
A1,Lemna gibba community,Nasturtium officinale,II,7,Gammarus bousfieldi
A1,Lemna gibba community,Nasturtium officinale,II,7,Gammarus minus
A1,Lemna gibba community,Nasturtium officinale,II,7,Cambarus bartonii
A1,Lemna gibba community,Nasturtium officinale,II,7,Persicaria punctata
A1,Lemna gibba community,Nasturtium officinale,II,7,Vicia ludoviciana
A1,Lemna gibba community,Nasturtium officinale,II,7,Datisca glomerata
A1,Lemna gibba community,Nasturtium officinale,II,7,Drupenatus nasturtii
A1,Lemna gibba community,Nasturtium officinale,II,7,Amalorrhynchus melanarius
A1,Lemna gibba community,Nasturtium officinale,II,7,Phaedon cochleariae
A1,Lemna gibba community,Nasturtium officinale,II,7,Phaedon armoraciae
A1,Lemna gibba community,Nasturtium officinale,II,7,Albugo candida
A1,Lemna gibba community,Nasturtium officinale,II,7,Gammarus minus
A1,Lemna gibba community,Nasturtium officinale,II,7,Hyaloperonospora parasitica
A1,Lemna gibba community,Nasturtium officinale,II,7,Cambarus bartonii
A1,Lemna gibba community,Nasturtium officinale,II,7,Gammarus bousfieldi
A1,Lemna gibba community,Nasturtium officinale,II,7,Spongospora nasturtii
A1,Lemna gibba community,Nasturtium officinale,II,7,Spongospora subterranea
A1,Lemna gibba community,Nasturtium officinale,II,7,Spongospora subterranea
A1,Lemna gibba community,Nasturtium officinale,II,7,Bacillus cereus
A1,Lemna gibba community,Nasturtium officinale,II,7,Amalorrhynchus melanarius
A1,Lemna gibba community,Lemna trisulca,II,6,NA
A1,Lemna gibba community,Callitriche obtusangula,I,5,NA
A1,Lemna gibba community,Ranunculus sceleratus,I,3,Ranunculus sceleratus
A1,Lemna gibba community,Ranunculus sceleratus,I,3,Ranunculus sceleratus
A1,Lemna gibba community,Ranunculus sceleratus,I,3,Ranunculus sceleratus
A1,Lemna gibba community,Ranunculus sceleratus,I,3,Ranunculus sceleratus
A1,Lemna gibba community,Ranunculus sceleratus,I,3,Ranunculus sceleratus
A1,Lemna gibba community,Ranunculus sceleratus,I,3,Agrostis scabra
A1,Lemna gibba community,Ranunculus sceleratus,I,3,Potentilla norvegica
A1,Lemna gibba community,Ranunculus sceleratus,I,3,Stellaria crassifolia
A1,Lemna gibba community,Ranunculus sceleratus,I,3,Ranunculus occidentalis
A1,Lemna gibba community,Ranunculus sceleratus,I,3,Ranunculus sceleratus
A1,Lemna gibba community,Ranunculus sceleratus,I,3,Glyceria grandis
A1,Lemna gibba community,Ranunculus sceleratus,I,3,Entyloma ranunculi-repentis
A1,Lemna gibba community,Ranunculus sceleratus,I,3,Entyloma ranunculi-repentis
A1,Lemna gibba community,Ranunculus sceleratus,I,3,Uromyces dactylidis
A1,Lemna gibba community,Ranunculus sceleratus,I,3,Uromyces dactylidis
A1,Lemna gibba community,Ranunculus sceleratus,I,3,Stethomostus fuliginosus
A1,Lemna gibba community,Ranunculus sceleratus,I,3,Entyloma ranunculi-repentis
A1,Lemna gibba community,Ranunculus sceleratus,I,3,Uromyces dactylidis
A1,Lemna gibba community,Ranunculus sceleratus,I,3,Uromyces dactylidis
A1,Lemna gibba community,Ranunculus sceleratus,I,3,Uromyces dactylidis
A1,Lemna gibba community,Ranunculus sceleratus,I,3,Entyloma ranunculi-repentis
A1,Lemna gibba community,Ranunculus sceleratus,I,3,Lasioglossum nevadense
A1,Lemna gibba community,Ranunculus sceleratus,I,3,Lasioglossum abundipunctum
A1,Lemna gibba community,Ranunculus sceleratus,I,3,Halictus farinosus
A1,Lemna gibba community,Ranunculus sceleratus,I,3,Agapostemon angelicus
A1,Lemna gibba community,Ranunculus sceleratus,I,3,Melissodes tristis
A1,Lemna gibba community,Ranunculus sceleratus,I,3,Diadasia diminuta
A1,Lemna gibba community,Ranunculus sceleratus,I,3,Ceratina neomexicana
A1,Lemna gibba community,Ranunculus sceleratus,I,3,Uromyces dactylidis
A1,Lemna gibba community,Ranunculus sceleratus,I,3,Uromyces dactylidis
A1,Lemna gibba community,Ranunculus sceleratus,I,3,Uromyces dactylidis
A1,Lemna gibba community,Ranunculus sceleratus,I,3,Uromyces dactylidis
A1,Lemna gibba community,Ranunculus sceleratus,I,3,Septoria ranunculi
A1,Lemna gibba community,Ranunculus sceleratus,I,3,Puccinia recondita
A1,Lemna gibba community,Ranunculus sceleratus,I,3,Puccinia recondita
A1,Lemna gibba community,Ranunculus sceleratus,I,3,Puccinia recondita
A1,Lemna gibba community,Ranunculus sceleratus,I,3,Puccinia eatoniae
A1,Lemna gibba community,Ranunculus sceleratus,I,3,Puccinia eatoniae
A1,Lemna gibba community,Ranunculus sceleratus,I,3,Peronospora ficariae
A1,Lemna gibba community,Ranunculus sceleratus,I,3,Peronospora ficariae
A1,Lemna gibba community,Ranunculus sceleratus,I,3,Peronospora ficariae
A1,Lemna gibba community,Ranunculus sceleratus,I,3,Entyloma verruculosum
A1,Lemna gibba community,Ranunculus sceleratus,I,3,Entyloma ranunculorum
A1,Lemna gibba community,Ranunculus sceleratus,I,3,Entyloma ranunculorum
A1,Lemna gibba community,Ranunculus sceleratus,I,3,Entyloma ranunculorum
A1,Lemna gibba community,Ranunculus sceleratus,I,3,Entyloma ranunculorum
A1,Lemna gibba community,Ranunculus sceleratus,I,3,Entyloma ranunculorum
A1,Lemna gibba community,Ranunculus sceleratus,I,3,Entyloma ranunculorum
A1,Lemna gibba community,Ranunculus sceleratus,I,3,Entyloma ranunculorum
A1,Lemna gibba community,Ranunculus sceleratus,I,3,Entyloma ranunculorum
A1,Lemna gibba community,Ranunculus sceleratus,I,3,Entyloma ranunculorum
A1,Lemna gibba community,Ranunculus sceleratus,I,3,Entyloma ranunculorum
A1,Lemna gibba community,Ranunculus sceleratus,I,3,Entyloma ranunculorum
A1,Lemna gibba community,Ranunculus sceleratus,I,3,Entyloma ranunculorum
A1,Lemna gibba community,Ranunculus sceleratus,I,3,Entyloma ranunculorum
A1,Lemna gibba community,Ranunculus sceleratus,I,3,Entyloma ranunculi-repentis
A1,Lemna gibba community,Ranunculus sceleratus,I,3,Entyloma ficariae
A1,Lemna gibba community,Ranunculus sceleratus,I,3,Entyloma ficariae
A1,Lemna gibba community,Ranunculus sceleratus,I,3,Entyloma ficariae
A1,Lemna gibba community,Ranunculus sceleratus,I,3,Entyloma ficariae
A1,Lemna gibba community,Ranunculus sceleratus,I,3,Entyloma ficariae
A1,Lemna gibba community,Ranunculus sceleratus,I,3,Entyloma ficariae
A1,Lemna gibba community,Ranunculus sceleratus,I,3,Entyloma ficariae
A1,Lemna gibba community,Ranunculus sceleratus,I,3,Entyloma ficariae
A1,Lemna gibba community,Ranunculus sceleratus,I,3,Entyloma ficariae
A1,Lemna gibba community,Ranunculus sceleratus,I,3,Ranunculus sceleratus
A1,Lemna gibba community,Ranunculus sceleratus,I,3,Entyloma ficariae
A1,Lemna gibba community,Ranunculus sceleratus,I,3,Entyloma ficariae
A1,Lemna gibba community,Ranunculus sceleratus,I,3,Entyloma ficariae
A1,Lemna gibba community,Ranunculus sceleratus,I,3,Entyloma ficariae
A1,Lemna gibba community,Ranunculus sceleratus,I,3,Entyloma ficariae
A1,Lemna gibba community,Ranunculus sceleratus,I,3,Entyloma ficariae
A1,Lemna gibba community,Ranunculus sceleratus,I,3,Entyloma ficariae
A1,Lemna gibba community,Ranunculus sceleratus,I,3,Entyloma ficariae
A1,Lemna gibba community,Ranunculus sceleratus,I,3,Entyloma ficariae
A1,Lemna gibba community,Ranunculus sceleratus,I,3,Entyloma ficariae
A1,Lemna gibba community,Ranunculus sceleratus,I,3,Entyloma ficariae
A1,Lemna gibba community,Ranunculus sceleratus,I,3,Entyloma ficariae
A1,Lemna gibba community,Ranunculus sceleratus,I,3,Entyloma microsporum
A1,Lemna gibba community,Ranunculus sceleratus,I,3,Entyloma microsporum
A1,Lemna gibba community,Ranunculus sceleratus,I,3,Entyloma ficariae
A1,Lemna gibba community,Ranunculus sceleratus,I,3,Entyloma ficariae
A1,Lemna gibba community,Ranunculus sceleratus,I,3,Entyloma ficariae
A1,Lemna gibba community,Ranunculus sceleratus,I,3,Entyloma ficariae
A1,Lemna gibba community,Ranunculus sceleratus,I,3,Entyloma ficariae
A1,Lemna gibba community,Ranunculus sceleratus,I,3,Entyloma ficariae
A1,Lemna gibba community,Ranunculus sceleratus,I,3,Entyloma ficariae
A1,Lemna gibba community,Ranunculus sceleratus,I,3,Stethomostus fuliginosus
A1,Lemna gibba community,Ranunculus sceleratus,I,3,Salix alaxensis
A1,Lemna gibba community,Ranunculus sceleratus,I,3,Salix alaxensis
A1,Lemna gibba community,Hydrocharis morsus-ranae,I,5,Galerucella grisescens
A1,Lemna gibba community,Hydrocharis morsus-ranae,I,5,Hydrocharis morsus-ranae
A1,Lemna gibba community,Hydrocharis morsus-ranae,I,5,Bagous puncticollis
A1,Lemna gibba community,Hydrocharis morsus-ranae,I,5,Tracya hydrocharidis
A1,Lemna gibba community,Hydrocharis morsus-ranae,I,5,Galerucella grisescens
A1,Lemna gibba community,Hydrocharis morsus-ranae,I,5,Hydrocharis morsus-ranae
A1,Lemna gibba community,Hydrocharis morsus-ranae,I,5,Bagous puncticollis
A1,Lemna gibba community,Hydrocharis morsus-ranae,I,5,Tracya hydrocharidis
A1,Lemna gibba community,Hydrocharis morsus-ranae,I,5,Hydrocharis morsus-ranae
A1,Lemna gibba community,Hydrocharis morsus-ranae,I,5,Hydrocharis morsus-ranae
A1,Lemna gibba community,Hydrocharis morsus-ranae,I,5,Galerucella grisescens
A1,Lemna gibba community,Hydrocharis morsus-ranae,I,5,Hydrocharis morsus-ranae
A1,Lemna gibba community,Hydrocharis morsus-ranae,I,5,Bagous puncticollis
A1,Lemna gibba community,Hydrocharis morsus-ranae,I,5,Tracya hydrocharidis
A1,Lemna gibba community,Hydrocharis morsus-ranae,I,5,Galerucella grisescens
A1,Lemna gibba community,Hydrocharis morsus-ranae,I,5,Bagous puncticollis
A1,Lemna gibba community,Hydrocharis morsus-ranae,I,5,Tracya hydrocharidis
A1,Lemna gibba community,Hydrocharis morsus-ranae,I,5,Galerucella grisescens
A1,Lemna gibba community,Hydrocharis morsus-ranae,I,5,Bagous puncticollis
A1,Lemna gibba community,Hydrocharis morsus-ranae,I,5,Tracya hydrocharidis
A1,Lemna gibba community,Hydrocharis morsus-ranae,I,5,Tracya hydrocharidis
A1,Lemna gibba community,Hydrocharis morsus-ranae,I,5,Tracya hydrocharidis
A1,Lemna gibba community,Hydrocharis morsus-ranae,I,5,Tracya hydrocharidis
A1,Lemna gibba community,Hydrocharis morsus-ranae,I,5,Tracya hydrocharidis
A1,Lemna gibba community,Hydrocharis morsus-ranae,I,5,Galerucella grisescens
A1,Lemna gibba community,Hydrocharis morsus-ranae,I,5,Galerucella grisescens
A1,Lemna gibba community,Hydrocharis morsus-ranae,I,5,Bagous puncticollis
A1,Lemna gibba community,Hydrocharis morsus-ranae,I,5,Tracya hydrocharidis
A1,Lemna gibba community,Hydrocharis morsus-ranae,I,5,Tracya hydrocharidis
A1,Lemna gibba community,Hydrocharis morsus-ranae,I,5,Bagous puncticollis
A1,Lemna gibba community,Hydrocharis morsus-ranae,I,5,Tracya hydrocharidis
A1,Lemna gibba community,Hydrocharis morsus-ranae,I,5,Tracya hydrocharidis
A1,Lemna gibba community,Hydrocharis morsus-ranae,I,5,Tracya hydrocharidis
A1,Lemna gibba community,Hydrocharis morsus-ranae,I,5,Tracya hydrocharidis
A1,Lemna gibba community,Hydrocharis morsus-ranae,I,5,Tracya hydrocharidis
A1,Lemna gibba community,Hydrocharis morsus-ranae,I,5,Tracya hydrocharidis
A1,Lemna gibba community,Hydrocharis morsus-ranae,I,5,Tracya hydrocharidis
A1,Lemna gibba community,Hydrocharis morsus-ranae,I,5,Tracya hydrocharidis
A1,Lemna gibba community,Hydrocharis morsus-ranae,I,5,Tracya hydrocharidis
A1,Lemna gibba community,Hydrocharis morsus-ranae,I,5,Tracya hydrocharidis
A1,Lemna gibba community,Hydrocharis morsus-ranae,I,5,Tracya hydrocharidis
A1,Lemna gibba community,Hydrocharis morsus-ranae,I,5,Tracya hydrocharidis
A1,Lemna gibba community,Hydrocharis morsus-ranae,I,5,Tracya hydrocharidis
A1,Lemna gibba community,Hydrocharis morsus-ranae,I,5,Tracya hydrocharidis
A1,Lemna gibba community,Hydrocharis morsus-ranae,I,5,Tracya hydrocharidis
A1,Lemna gibba community,Hydrocharis morsus-ranae,I,5,Tracya hydrocharidis
A1,Lemna gibba community,Hydrocharis morsus-ranae,I,5,Tracya hydrocharidis
A1,Lemna gibba community,Hydrocharis morsus-ranae,I,5,Tracya hydrocharidis
A1,Lemna gibba community,Hydrocharis morsus-ranae,I,5,Tracya hydrocharidis
A1,Lemna gibba community,Hydrocharis morsus-ranae,I,5,Tracya hydrocharidis
A1,Lemna gibba community,Hydrocharis morsus-ranae,I,5,Tracya hydrocharidis
A1,Lemna gibba community,Hydrocharis morsus-ranae,I,5,Tracya hydrocharidis
A1,Lemna gibba community,Hydrocharis morsus-ranae,I,5,Tracya hydrocharidis
A1,Lemna gibba community,Hydrocharis morsus-ranae,I,5,Tracya hydrocharidis
A1,Lemna gibba community,Hydrocharis morsus-ranae,I,5,Tracya hydrocharidis
A1,Lemna gibba community,Hydrocharis morsus-ranae,I,5,Tracya hydrocharidis
A1,Lemna gibba community,Hydrocharis morsus-ranae,I,5,Tracya hydrocharidis
A1,Lemna gibba community,Hydrocharis morsus-ranae,I,5,Tracya hydrocharidis
A1,Lemna gibba community,Hydrocharis morsus-ranae,I,5,Tracya hydrocharidis
A1,Lemna gibba community,Hydrocharis morsus-ranae,I,5,Tracya hydrocharidis
A1,Lemna gibba community,Hydrocharis morsus-ranae,I,5,Tracya hydrocharidis
A1,Lemna gibba community,Hydrocharis morsus-ranae,I,5,Tracya hydrocharidis
A1,Lemna gibba community,Hydrocharis morsus-ranae,I,5,Tracya hydrocharidis
A1,Lemna gibba community,Hydrocharis morsus-ranae,I,5,Tracya hydrocharidis
A1,Lemna gibba community,Hydrocharis morsus-ranae,I,5,Tracya hydrocharidis
A1,Lemna gibba community,Hydrocharis morsus-ranae,I,5,Tracya hydrocharidis
A1,Lemna gibba community,Hydrocharis morsus-ranae,I,5,Galerucella grisescens
A1,Lemna gibba community,Hydrocharis morsus-ranae,I,5,Bagous puncticollis
A1,Lemna gibba community,Hydrocharis morsus-ranae,I,5,Tracya hydrocharidis
A1,Lemna gibba community,Hydrocharis morsus-ranae,I,5,Myocastor coypus
A1,Lemna gibba community,Elodea canadensis,I,5,Bagous puncticollis
A1,Lemna gibba community,Elodea canadensis,I,5,Bagous puncticollis
A1,Lemna gibba community,Elodea canadensis,I,5,Elodea canadensis
A1,Lemna gibba community,Elodea canadensis,I,5,Elodea canadensis
A1,Lemna gibba community,Elodea canadensis,I,5,Elodea canadensis
A1,Lemna gibba community,Elodea canadensis,I,5,Elodea canadensis
A1,Lemna gibba community,Elodea canadensis,I,5,Bagous puncticollis
A1,Lemna gibba community,Elodea canadensis,I,5,Tadorna variegata
A1,Lemna gibba community,Elodea canadensis,I,5,Cygnus buccinator
A1,Lemna gibba community,Elodea canadensis,I,5,Aythya fuligula
A1,Lemna gibba community,Elodea canadensis,I,5,Tadorna variegata
A1,Lemna gibba community,Elodea canadensis,I,5,Cygnus buccinator
A1,Lemna gibba community,Elodea canadensis,I,5,Aythya fuligula
A1,Lemna gibba community,Elodea canadensis,I,5,Tadorna variegata
A1,Lemna gibba community,Elodea canadensis,I,5,Cygnus buccinator
A1,Lemna gibba community,Elodea canadensis,I,5,Aythya fuligula
A1,Lemna gibba community,Elodea canadensis,I,5,Tadorna variegata
A1,Lemna gibba community,Elodea canadensis,I,5,Cygnus buccinator
A1,Lemna gibba community,Elodea canadensis,I,5,Aythya fuligula
A1,Lemna gibba community,Elodea canadensis,I,5,Rhopalosiphum nymphaeae
A1,Lemna gibba community,Elodea canadensis,I,5,Rhopalosiphum nymphaeae
A1,Lemna gibba community,Elodea canadensis,I,5,Bagous puncticollis
A1,Lemna gibba community,Elodea canadensis,I,5,Ctenopharyngodon idella
A1,Lemna gibba community,Elodea canadensis,I,5,Eriocheir sinensis
A1,Lemna gibba community,Elodea canadensis,I,5,Veronica anagallis-aquatica
A1,Lemna gibba community,Elodea canadensis,I,5,Stuckenia filiformis
A1,Lemna gibba community,Elodea canadensis,I,5,Tadorna variegata
A1,Lemna gibba community,Elodea canadensis,I,5,Cygnus buccinator
A1,Lemna gibba community,Elodea canadensis,I,5,Aythya fuligula
A1,Lemna gibba community,Elodea canadensis,I,5,Tadorna variegata
A1,Lemna gibba community,Elodea canadensis,I,5,Cygnus buccinator
A1,Lemna gibba community,Elodea canadensis,I,5,Aythya fuligula
A1,Lemna gibba community,Elodea canadensis,I,5,Tadorna variegata
A1,Lemna gibba community,Elodea canadensis,I,5,Cygnus buccinator
A1,Lemna gibba community,Elodea canadensis,I,5,Aythya fuligula
A1,Lemna gibba community,Elodea canadensis,I,5,Tadorna variegata
A1,Lemna gibba community,Elodea canadensis,I,5,Cygnus buccinator
A1,Lemna gibba community,Elodea canadensis,I,5,Aythya fuligula
A1,Lemna gibba community,Elodea canadensis,I,5,Hydrellia discursa
A1,Lemna gibba community,Elodea canadensis,I,5,Hydrellia trichaeta
A1,Lemna gibba community,Elodea canadensis,I,5,Leptocerus americanus
A1,Lemna gibba community,Elodea canadensis,I,5,Hydrellia harti
A1,Lemna gibba community,Callitriche stagnalis sens.lat,I,4,NA
A1,Lemna gibba community,Potamogeton pectinatus,I,4,Anas smithii
A1,Lemna gibba community,Potamogeton pectinatus,I,4,Anas capensis
A1,Lemna gibba community,Potamogeton pectinatus,I,4,Plectropterus gambensis
A1,Lemna gibba community,Potamogeton pectinatus,I,4,Plectropterus gambensis
A1,Lemna gibba community,Potamogeton pectinatus,I,4,Macroplea mutica
A1,Lemna gibba community,Potamogeton pectinatus,I,4,Macroplea mutica
A1,Lemna gibba community,Potamogeton pectinatus,I,4,Macroplea appendiculata
A1,Lemna gibba community,Potamogeton pectinatus,I,4,Macroplea appendiculata
A1,Lemna gibba community,Potamogeton pectinatus,I,4,Macroplea mutica
A1,Lemna gibba community,Potamogeton pectinatus,I,4,Macroplea mutica
A1,Lemna gibba community,Potamogeton pectinatus,I,4,Macroplea appendiculata
A1,Lemna gibba community,Potamogeton pectinatus,I,4,Macroplea appendiculata
A1,Lemna gibba community,Potamogeton pectinatus,I,4,Macroplea appendiculata
A1,Lemna gibba community,Potamogeton pectinatus,I,4,Ctenopharyngodon idella
A1,Lemna gibba community,Apium nodiflorum,I,4,Burenia inundata
A1,Lemna gibba community,Apium nodiflorum,I,4,Entyloma helosciadii
A1,Lemna gibba community,Apium nodiflorum,I,4,Euleia heraclei
A1,Lemna gibba community,Apium nodiflorum,I,4,Apium nodiflorum
A1,Lemna gibba community,Apium nodiflorum,I,4,Buerenia inundata
A1,Lemna gibba community,Apium nodiflorum,I,4,Burenia inundata
A1,Lemna gibba community,Apium nodiflorum,I,4,Entyloma helosciadii
A1,Lemna gibba community,Apium nodiflorum,I,4,Euleia heraclei
A1,Lemna gibba community,Apium nodiflorum,I,4,Apium nodiflorum
A1,Lemna gibba community,Apium nodiflorum,I,4,Buerenia inundata
A1,Lemna gibba community,Apium nodiflorum,I,4,Burenia inundata
A1,Lemna gibba community,Apium nodiflorum,I,4,Entyloma helosciadii
A1,Lemna gibba community,Apium nodiflorum,I,4,Euleia heraclei
A1,Lemna gibba community,Apium nodiflorum,I,4,Apium nodiflorum
A1,Lemna gibba community,Apium nodiflorum,I,4,Buerenia inundata
A1,Lemna gibba community,Apium nodiflorum,I,4,Entyloma helosciadii
A1,Lemna gibba community,Apium nodiflorum,I,4,Euleia heraclei
A1,Lemna gibba community,Apium nodiflorum,I,4,Buerenia inundata
A1,Lemna gibba community,Apium nodiflorum,I,4,Entyloma helosciadii
A1,Lemna gibba community,Apium nodiflorum,I,4,Euleia heraclei
A1,Lemna gibba community,Apium nodiflorum,I,4,Buerenia inundata
A1,Lemna gibba community,Apium nodiflorum,I,4,Cygnus olor
A1,Lemna gibba community,Apium nodiflorum,I,4,Cygnus olor
A1,Lemna gibba community,Apium nodiflorum,I,4,Cygnus olor
A1,Lemna gibba community,Apium nodiflorum,I,4,Buerenia inundata
A1,Lemna gibba community,Apium nodiflorum,I,4,Buerenia inundata
A1,Lemna gibba community,Apium nodiflorum,I,4,Buerenia inundata
A1,Lemna gibba community,Apium nodiflorum,I,4,Hypera pollux
A1,Lemna gibba community,Apium nodiflorum,I,4,Entyloma helosciadii
A1,Lemna gibba community,Apium nodiflorum,I,4,Euleia heraclei
A1,Lemna gibba community,Apium nodiflorum,I,4,Entyloma helosciadii
A1,Lemna gibba community,Apium nodiflorum,I,4,Buerenia inundata
A1,Lemna gibba community,Apium nodiflorum,I,4,Buerenia inundata
A1,Lemna gibba community,Apium nodiflorum,I,4,Entyloma helosciadii
A1,Lemna gibba community,Apium nodiflorum,I,4,Cygnus olor
A1,Lemna gibba community,Apium nodiflorum,I,4,Cygnus olor
A1,Lemna gibba community,Apium nodiflorum,I,4,Entyloma helosciadii
A1,Lemna gibba community,Apium nodiflorum,I,4,Euleia heraclei
A1,Lemna gibba community,Apium nodiflorum,I,4,Buerenia inundata
A1,Lemna gibba community,Apium nodiflorum,I,4,Cygnus olor
A1,Lemna gibba community,Apium nodiflorum,I,4,Cygnus olor
A1,Lemna gibba community,Ranunculus trichophyllus,I,5,Cassiope tetragona
A1,Lemna gibba community,Ranunculus trichophyllus,I,5,Ranunculus trichophyllus
A1,Lemna gibba community,Ranunculus trichophyllus,I,5,Callitriche palustris
A1,Lemna gibba community,Potamogeton natans,I,3,Donacia versicolorea
A1,Lemna gibba community,Potamogeton natans,I,3,Potamogeton natans
A1,Lemna gibba community,Potamogeton natans,I,3,Cricotopus brevipalpis
A1,Lemna gibba community,Potamogeton natans,I,3,Bagous limosus
A1,Lemna gibba community,Potamogeton natans,I,3,Doassansiopsis hydrophila
A1,Lemna gibba community,Potamogeton natans,I,3,Donacia versicolorea
A1,Lemna gibba community,Potamogeton natans,I,3,Potamogeton natans
A1,Lemna gibba community,Potamogeton natans,I,3,Cricotopus brevipalpis
A1,Lemna gibba community,Potamogeton natans,I,3,Bagous limosus
A1,Lemna gibba community,Potamogeton natans,I,3,Doassansiopsis hydrophila
A1,Lemna gibba community,Potamogeton natans,I,3,Potamogeton natans
A1,Lemna gibba community,Potamogeton natans,I,3,Anas platyrhynchos
A1,Lemna gibba community,Potamogeton natans,I,3,Potamogeton natans
A1,Lemna gibba community,Potamogeton natans,I,3,Potamogeton natans
A1,Lemna gibba community,Potamogeton natans,I,3,Stuckenia vaginata
A1,Lemna gibba community,Potamogeton natans,I,3,Donacia versicolorea
A1,Lemna gibba community,Potamogeton natans,I,3,Potamogeton natans
A1,Lemna gibba community,Potamogeton natans,I,3,Cricotopus brevipalpis
A1,Lemna gibba community,Potamogeton natans,I,3,Bagous limosus
A1,Lemna gibba community,Potamogeton natans,I,3,Doassansiopsis hydrophila
A1,Lemna gibba community,Potamogeton natans,I,3,Donacia versicolorea
A1,Lemna gibba community,Potamogeton natans,I,3,Bagous limosus
A1,Lemna gibba community,Potamogeton natans,I,3,Cricotopus brevipalpis
A1,Lemna gibba community,Potamogeton natans,I,3,Doassansiopsis hydrophila
A1,Lemna gibba community,Potamogeton natans,I,3,Aythya ferina
A1,Lemna gibba community,Potamogeton natans,I,3,Anas platyrhynchos
A1,Lemna gibba community,Potamogeton natans,I,3,Donacia versicolorea
A1,Lemna gibba community,Potamogeton natans,I,3,Bagous limosus
A1,Lemna gibba community,Potamogeton natans,I,3,Cricotopus brevipalpis
A1,Lemna gibba community,Potamogeton natans,I,3,Doassansiopsis hydrophila
A1,Lemna gibba community,Potamogeton natans,I,3,Aythya ferina
A1,Lemna gibba community,Potamogeton natans,I,3,Anas platyrhynchos
A1,Lemna gibba community,Potamogeton natans,I,3,Ursus arctos
A1,Lemna gibba community,Potamogeton natans,I,3,Aythya ferina
A1,Lemna gibba community,Potamogeton natans,I,3,Anas platyrhynchos
A1,Lemna gibba community,Potamogeton natans,I,3,Aythya ferina
A1,Lemna gibba community,Potamogeton natans,I,3,Anas platyrhynchos
A1,Lemna gibba community,Potamogeton natans,I,3,Rhopalosiphum nymphaeae
A1,Lemna gibba community,Potamogeton natans,I,3,Rhopalosiphum nymphaeae
A1,Lemna gibba community,Potamogeton natans,I,3,Donacia versicolorea
A1,Lemna gibba community,Potamogeton natans,I,3,Donacia versicolorea
A1,Lemna gibba community,Potamogeton natans,I,3,Bagous limosus
A1,Lemna gibba community,Potamogeton natans,I,3,Doassansiopsis hydrophila
A1,Lemna gibba community,Potamogeton natans,I,3,Donacia versicolorea
A1,Lemna gibba community,Potamogeton natans,I,3,Donacia versicolorea
A1,Lemna gibba community,Potamogeton natans,I,3,Cricotopus brevipalpis
A1,Lemna gibba community,Potamogeton natans,I,3,Ctenopharyngodon idella
A1,Lemna gibba community,Potamogeton natans,I,3,Parapoynx obscuralis
A1,Lemna gibba community,Potamogeton natans,I,3,Doassansiopsis hydrophila
A1,Lemna gibba community,Potamogeton natans,I,3,Doassansiopsis hydrophila
A1,Lemna gibba community,Potamogeton natans,I,3,Doassansiopsis hydrophila
A1,Lemna gibba community,Potamogeton natans,I,3,Doassansiopsis hydrophila
A1,Lemna gibba community,Potamogeton natans,I,3,Doassansiopsis hydrophila
A1,Lemna gibba community,Potamogeton natans,I,3,Doassansiopsis hydrophila
A1,Lemna gibba community,Potamogeton natans,I,3,Doassansiopsis hydrophila
A1,Lemna gibba community,Potamogeton natans,I,3,Doassansiopsis hydrophila
A1,Lemna gibba community,Potamogeton natans,I,3,Doassansiopsis hydrophila
A1,Lemna gibba community,Potamogeton natans,I,3,Doassansiopsis hydrophila
A1,Lemna gibba community,Potamogeton natans,I,3,Doassansiopsis hydrophila
A1,Lemna gibba community,Potamogeton natans,I,3,Doassansiopsis hydrophila
A1,Lemna gibba community,Potamogeton natans,I,3,Doassansiopsis hydrophila
A1,Lemna gibba community,Potamogeton natans,I,3,Doassansiopsis hydrophila
A1,Lemna gibba community,Potamogeton natans,I,3,Doassansiopsis hydrophila
A1,Lemna gibba community,Potamogeton natans,I,3,Doassansiopsis hydrophila
A1,Lemna gibba community,Potamogeton natans,I,3,Doassansiopsis hydrophila
A1,Lemna gibba community,Potamogeton natans,I,3,Doassansiopsis hydrophila
A1,Lemna gibba community,Potamogeton natans,I,3,Doassansiopsis hydrophila
A1,Lemna gibba community,Potamogeton natans,I,3,Doassansiopsis hydrophila
A1,Lemna gibba community,Potamogeton natans,I,3,Doassansiopsis hydrophila
A1,Lemna gibba community,Potamogeton natans,I,3,Doassansiopsis hydrophila
A1,Lemna gibba community,Potamogeton natans,I,3,Doassansiopsis hydrophila
A1,Lemna gibba community,Potamogeton natans,I,3,Doassansiopsis hydrophila
A1,Lemna gibba community,Potamogeton natans,I,3,Doassansiopsis hydrophila
A1,Lemna gibba community,Potamogeton natans,I,3,Doassansiopsis hydrophila
A1,Lemna gibba community,Potamogeton natans,I,3,Doassansiopsis hydrophila
A1,Lemna gibba community,Potamogeton natans,I,3,Doassansiopsis hydrophila
A1,Lemna gibba community,Potamogeton natans,I,3,Doassansiopsis hydrophila
A1,Lemna gibba community,Potamogeton natans,I,3,Doassansiopsis hydrophila
A1,Lemna gibba community,Potamogeton natans,I,3,Doassansiopsis hydrophila
A1,Lemna gibba community,Potamogeton natans,I,3,Doassansiopsis hydrophila
A1,Lemna gibba community,Potamogeton natans,I,3,Doassansiopsis hydrophila
A1,Lemna gibba community,Potamogeton natans,I,3,Doassansiopsis hydrophila
A1,Lemna gibba community,Potamogeton natans,I,3,Doassansiopsis hydrophila
A1,Lemna gibba community,Potamogeton natans,I,3,Doassansiopsis hydrophila
A1,Lemna gibba community,Potamogeton natans,I,3,Doassansiopsis hydrophila
A1,Lemna gibba community,Potamogeton natans,I,3,Doassansiopsis hydrophila
A1,Lemna gibba community,Potamogeton natans,I,3,Doassansiopsis hydrophila
A1,Lemna gibba community,Potamogeton natans,I,3,Doassansiopsis hydrophila
A1,Lemna gibba community,Potamogeton natans,I,3,Doassansiopsis hydrophila
A1,Lemna gibba community,Potamogeton natans,I,3,Doassansiopsis hydrophila
A1,Lemna gibba community,Potamogeton natans,I,3,Doassansiopsis hydrophila
A1,Lemna gibba community,Potamogeton natans,I,3,Doassansiopsis hydrophila
A1,Lemna gibba community,Potamogeton natans,I,3,Doassansiopsis hydrophila
A1,Lemna gibba community,Potamogeton natans,I,3,Doassansiopsis hydrophila
A1,Lemna gibba community,Potamogeton natans,I,3,Doassansiopsis hydrophila
A1,Lemna gibba community,Potamogeton natans,I,3,Doassansiopsis hydrophila
A1,Lemna gibba community,Potamogeton natans,I,3,Doassansiopsis hydrophila
A1,Lemna gibba community,Potamogeton natans,I,3,Doassansiopsis hydrophila
A1,Lemna gibba community,Potamogeton natans,I,3,Doassansiopsis hydrophila
A1,Lemna gibba community,Potamogeton natans,I,3,Doassansiopsis hydrophila
A1,Lemna gibba community,Potamogeton natans,I,3,Doassansiopsis hydrophila
A1,Lemna gibba community,Potamogeton natans,I,3,Doassansiopsis hydrophila
A1,Lemna gibba community,Potamogeton natans,I,3,Doassansiopsis hydrophila
A1,Lemna gibba community,Potamogeton natans,I,3,Doassansiopsis hydrophila
A1,Lemna gibba community,Potamogeton natans,I,3,Doassansiopsis hydrophila
A1,Lemna gibba community,Potamogeton natans,I,3,Doassansiopsis hydrophila
A1,Lemna gibba community,Potamogeton natans,I,3,Doassansiopsis hydrophila
A1,Lemna gibba community,Potamogeton natans,I,3,Doassansiopsis hydrophila
A1,Lemna gibba community,Potamogeton natans,I,3,Doassansiopsis hydrophila
A1,Lemna gibba community,Potamogeton natans,I,3,Aythya ferina
A1,Lemna gibba community,Potamogeton natans,I,3,Anas platyrhynchos
A1,Lemna gibba community,Potamogeton natans,I,3,Anas platyrhynchos
A1,Lemna gibba community,Potamogeton natans,I,3,Aythya ferina
A1,Lemna gibba community,Potamogeton natans,I,3,Donacia versicolorea
A1,Lemna gibba community,Potamogeton natans,I,3,Bagous limosus
A1,Lemna gibba community,Potamogeton natans,I,3,Cricotopus brevipalpis
A1,Lemna gibba community,Potamogeton natans,I,3,Doassansiopsis hydrophila
A1,Lemna gibba community,Potamogeton natans,I,3,Aythya ferina
A1,Lemna gibba community,Potamogeton natans,I,3,Anas platyrhynchos
A1,Lemna gibba community,Potamogeton natans,I,3,Aythya ferina
A1,Lemna gibba community,Potamogeton natans,I,3,Anas platyrhynchos
A1,Lemna gibba community,Potamogeton natans,I,3,Hydrellia bergi
A1,Lemna gibba community,Potamogeton natans,I,3,Neohaemonia nigricornis
A1,Lemna gibba community,Potamogeton natans,I,3,Donacia hirticollis
A1,Lemna gibba community,Potamogeton natans,I,3,Polypedilum ophioides
A1,Lemna gibba community,Potamogeton natans,I,3,Cricotopus elegans
A1,Lemna gibba community,Potamogeton natans,I,3,Cricotopus trifasciatus
A1,Lemna gibba community,Potamogeton natans,I,3,Glyptotendipes dreisbachi
A1,Lemna gibba community,Potamogeton natans,I,3,Polypedilum sordens
A1,Lemna gibba community,Potamogeton natans,I,3,Polypedilum illinoense
A1,Lemna gibba community,Potamogeton natans,I,3,Hydrellia cruralis
A1,Lemna gibba community,Potamogeton natans,I,3,Hydrellia ischiaca
A1,Lemna gibba community,Potamogeton natans,I,3,Hydrellia luctuosa
A1,Lemna gibba community,Potamogeton natans,I,3,Rhopalosiphum nymphaeae
A1,Lemna gibba community,Potamogeton natans,I,3,Munroessa icciusalis
A1,Lemna gibba community,Potamogeton natans,I,3,Paraponyx allionealis
A1,Lemna gibba community,Potamogeton natans,I,3,Paraponyx badiusalis
A1,Lemna gibba community,Potamogeton natans,I,3,Paraponyx obscuralis
A1,Lemna gibba community,Potamogeton natans,I,3,Megamelus davisi
A1,Lemna gibba community,Potamogeton natans,I,3,Donacia cincticornis
A1,Lemna gibba community,Potamogeton natans,I,3,Donacia hirticollis
A1,Lemna gibba community,Potamogeton natans,I,3,Synclita obliteralis
A1,Lemna gibba community,Potamogeton natans,I,3,Polypedilum bergi
A1,Lemna gibba community,Wolffia arrhiza,I,2,NA
A1,Lemna gibba community,Drepanocladus fluitans,I,3,NA
A1,Lemna gibba community,Zannichellia palustris,I,3,Macroplea mutica
A1,Lemna gibba community,Zannichellia palustris,I,3,Zannichellia palustris
A1,Lemna gibba community,Zannichellia palustris,I,3,Macroplea mutica
A1,Lemna gibba community,Zannichellia palustris,I,3,Zannichellia palustris
A1,Lemna gibba community,Zannichellia palustris,I,3,Zannichellia palustris
A1,Lemna gibba community,Zannichellia palustris,I,3,Polypogon monspeliensis
A1,Lemna gibba community,Zannichellia palustris,I,3,Eleocharis parishii
A1,Lemna gibba community,Zannichellia palustris,I,3,Schoenoplectus pungens
A1,Lemna gibba community,Zannichellia palustris,I,3,Potamogeton foliosus
A1,Lemna gibba community,Zannichellia palustris,I,3,Zannichellia palustris
A1,Lemna gibba community,Zannichellia palustris,I,3,Macroplea mutica
A1,Lemna gibba community,Zannichellia palustris,I,3,Zannichellia palustris
A1,Lemna gibba community,Zannichellia palustris,I,3,Macroplea mutica
A1,Lemna gibba community,Zannichellia palustris,I,3,Anas strepera
A1,Lemna gibba community,Zannichellia palustris,I,3,Anas americana
A1,Lemna gibba community,Zannichellia palustris,I,3,Anas platyrhynchos
A1,Lemna gibba community,Zannichellia palustris,I,3,Anas crecca
A1,Lemna gibba community,Zannichellia palustris,I,3,Anas acuta
A1,Lemna gibba community,Zannichellia palustris,I,3,Macroplea mutica
A1,Lemna gibba community,Zannichellia palustris,I,3,Anas strepera
A1,Lemna gibba community,Zannichellia palustris,I,3,Mareca americana
A1,Lemna gibba community,Zannichellia palustris,I,3,Anas platyrhynchos
A1,Lemna gibba community,Zannichellia palustris,I,3,Anas crecca
A1,Lemna gibba community,Zannichellia palustris,I,3,Anas acuta
A1,Lemna gibba community,Zannichellia palustris,I,3,Anas strepera
A1,Lemna gibba community,Zannichellia palustris,I,3,Mareca americana
A1,Lemna gibba community,Zannichellia palustris,I,3,Anas platyrhynchos
A1,Lemna gibba community,Zannichellia palustris,I,3,Anas crecca
A1,Lemna gibba community,Zannichellia palustris,I,3,Anas acuta
A1,Lemna gibba community,Zannichellia palustris,I,3,Anas strepera
A1,Lemna gibba community,Zannichellia palustris,I,3,Mareca americana
A1,Lemna gibba community,Zannichellia palustris,I,3,Anas platyrhynchos
A1,Lemna gibba community,Zannichellia palustris,I,3,Anas crecca
A1,Lemna gibba community,Zannichellia palustris,I,3,Anas acuta
A1,Lemna gibba community,Zannichellia palustris,I,3,Macroplea mutica
A1,Lemna gibba community,Zannichellia palustris,I,3,Macroplea mutica
A1,Lemna gibba community,Zannichellia palustris,I,3,Macroplea mutica
A1,Lemna gibba community,Zannichellia palustris,I,3,Anas strepera
A1,Lemna gibba community,Zannichellia palustris,I,3,Anas americana
A1,Lemna gibba community,Zannichellia palustris,I,3,Anas platyrhynchos
A1,Lemna gibba community,Zannichellia palustris,I,3,Anas crecca
A1,Lemna gibba community,Zannichellia palustris,I,3,Anas acuta
A1,Lemna gibba community,Zannichellia palustris,I,3,Anas strepera
A1,Lemna gibba community,Zannichellia palustris,I,3,Mareca americana
A1,Lemna gibba community,Zannichellia palustris,I,3,Anas platyrhynchos
A1,Lemna gibba community,Zannichellia palustris,I,3,Anas crecca
A1,Lemna gibba community,Zannichellia palustris,I,3,Anas acuta
A1,Lemna gibba community,Zannichellia palustris,I,3,Macroplea mutica
A1,Lemna gibba community,Zannichellia palustris,I,3,Anas strepera
A1,Lemna gibba community,Zannichellia palustris,I,3,Anas americana
A1,Lemna gibba community,Zannichellia palustris,I,3,Anas platyrhynchos
A1,Lemna gibba community,Zannichellia palustris,I,3,Anas crecca
A1,Lemna gibba community,Zannichellia palustris,I,3,Anas acuta
A1,Lemna gibba community,Zannichellia palustris,I,3,Anas strepera
A1,Lemna gibba community,Zannichellia palustris,I,3,Mareca americana
A1,Lemna gibba community,Zannichellia palustris,I,3,Anas platyrhynchos
A1,Lemna gibba community,Zannichellia palustris,I,3,Anas crecca
A1,Lemna gibba community,Zannichellia palustris,I,3,Anas acuta
A1,Lemna gibba community,Zannichellia palustris,I,3,Hydrellia bilobifera
A1,Lemna gibba community,Zannichellia palustris,I,3,Hydrellia notiphiloides
A1,Lemna gibba community,Mentha aquatica,I,2,Golovinomyces biocellatus
A1,Lemna gibba community,Mentha aquatica,I,2,Apion vicinum
A1,Lemna gibba community,Mentha aquatica,I,2,Physoderma menthae
A1,Lemna gibba community,Mentha aquatica,I,2,Datonychus melanostictus
A1,Lemna gibba community,Mentha aquatica,I,2,Cassida viridis
A1,Lemna gibba community,Mentha aquatica,I,2,Chrysolina graminis
A1,Lemna gibba community,Mentha aquatica,I,2,Chrysolina herbacea
A1,Lemna gibba community,Mentha aquatica,I,2,Hymenoscyphus repandus
A1,Lemna gibba community,Mentha aquatica,I,2,Phytomyza tetrasticha
A1,Lemna gibba community,Mentha aquatica,I,2,Mentha aquatica
A1,Lemna gibba community,Mentha aquatica,I,2,Puccinia menthae
A1,Lemna gibba community,Mentha aquatica,I,2,Hymenoscyphus scutula
A1,Lemna gibba community,Mentha aquatica,I,2,Golovinomyces biocellatus
A1,Lemna gibba community,Mentha aquatica,I,2,Apion vicinum
A1,Lemna gibba community,Mentha aquatica,I,2,Physoderma menthae
A1,Lemna gibba community,Mentha aquatica,I,2,Datonychus melanostictus
A1,Lemna gibba community,Mentha aquatica,I,2,Cassida viridis
A1,Lemna gibba community,Mentha aquatica,I,2,Chrysolina graminis
A1,Lemna gibba community,Mentha aquatica,I,2,Chrysolina herbacea
A1,Lemna gibba community,Mentha aquatica,I,2,Hymenoscyphus repandus
A1,Lemna gibba community,Mentha aquatica,I,2,Phytomyza tetrasticha
A1,Lemna gibba community,Mentha aquatica,I,2,Mentha aquatica
A1,Lemna gibba community,Mentha aquatica,I,2,Puccinia menthae
A1,Lemna gibba community,Mentha aquatica,I,2,Hymenoscyphus scutula
A1,Lemna gibba community,Mentha aquatica,I,2,Mentha aquatica
A1,Lemna gibba community,Mentha aquatica,I,2,Puccinia menthae
A1,Lemna gibba community,Mentha aquatica,I,2,Golovinomyces biocellatus
A1,Lemna gibba community,Mentha aquatica,I,2,Apion vicinum
A1,Lemna gibba community,Mentha aquatica,I,2,Physoderma menthae
A1,Lemna gibba community,Mentha aquatica,I,2,Datonychus melanostictus
A1,Lemna gibba community,Mentha aquatica,I,2,Cassida viridis
A1,Lemna gibba community,Mentha aquatica,I,2,Chrysolina graminis
A1,Lemna gibba community,Mentha aquatica,I,2,Chrysolina herbacea
A1,Lemna gibba community,Mentha aquatica,I,2,Hymenoscyphus repandus
A1,Lemna gibba community,Mentha aquatica,I,2,Phytomyza tetrasticha
A1,Lemna gibba community,Mentha aquatica,I,2,Mentha aquatica
A1,Lemna gibba community,Mentha aquatica,I,2,Puccinia menthae
A1,Lemna gibba community,Mentha aquatica,I,2,Hymenoscyphus scutula
A1,Lemna gibba community,Mentha aquatica,I,2,Apion vicinum
A1,Lemna gibba community,Mentha aquatica,I,2,Chrysolina graminis
A1,Lemna gibba community,Mentha aquatica,I,2,Chrysolina herbacea
A1,Lemna gibba community,Mentha aquatica,I,2,Bombus dahlbomii
A1,Lemna gibba community,Mentha aquatica,I,2,Phytomyza tetrasticha
A1,Lemna gibba community,Mentha aquatica,I,2,Puccinia menthae
A1,Lemna gibba community,Mentha aquatica,I,2,Hymenoscyphus scutula
A1,Lemna gibba community,Mentha aquatica,I,2,Physoderma menthae
A1,Lemna gibba community,Mentha aquatica,I,2,Datonychus melanostictus
A1,Lemna gibba community,Mentha aquatica,I,2,Cassida viridis
A1,Lemna gibba community,Mentha aquatica,I,2,Hymenoscyphus repandus
A1,Lemna gibba community,Mentha aquatica,I,2,Erysiphe biocellata
A1,Lemna gibba community,Mentha aquatica,I,2,Apion vicinum
A1,Lemna gibba community,Mentha aquatica,I,2,Chrysolina graminis
A1,Lemna gibba community,Mentha aquatica,I,2,Chrysolina herbacea
A1,Lemna gibba community,Mentha aquatica,I,2,Bombus dahlbomii
A1,Lemna gibba community,Mentha aquatica,I,2,Phytomyza tetrasticha
A1,Lemna gibba community,Mentha aquatica,I,2,Puccinia menthae
A1,Lemna gibba community,Mentha aquatica,I,2,Hymenoscyphus scutula
A1,Lemna gibba community,Mentha aquatica,I,2,Physoderma menthae
A1,Lemna gibba community,Mentha aquatica,I,2,Datonychus melanostictus
A1,Lemna gibba community,Mentha aquatica,I,2,Cassida viridis
A1,Lemna gibba community,Mentha aquatica,I,2,Hymenoscyphus repandus
A1,Lemna gibba community,Mentha aquatica,I,2,Erysiphe biocellata
A1,Lemna gibba community,Mentha aquatica,I,2,Physoderma menthae
A1,Lemna gibba community,Mentha aquatica,I,2,Physoderma menthae
A1,Lemna gibba community,Mentha aquatica,I,2,Erysiphe biocellata
A1,Lemna gibba community,Mentha aquatica,I,2,Erysiphe biocellata
A1,Lemna gibba community,Mentha aquatica,I,2,Phytomyza tetrasticha
A1,Lemna gibba community,Mentha aquatica,I,2,Pachyprotasis nigronotata
A1,Lemna gibba community,Mentha aquatica,I,2,Squamapion vicinum
A1,Lemna gibba community,Mentha aquatica,I,2,Datonychus melanostictus
A1,Lemna gibba community,Mentha aquatica,I,2,Chrysolina herbacea
A1,Lemna gibba community,Mentha aquatica,I,2,Chrysolina herbacea
A1,Lemna gibba community,Mentha aquatica,I,2,Cassida viridis
A1,Lemna gibba community,Mentha aquatica,I,2,Cassida viridis
A1,Lemna gibba community,Mentha aquatica,I,2,Puccinia menthae
A1,Lemna gibba community,Mentha aquatica,I,2,Puccinia menthae
A1,Lemna gibba community,Mentha aquatica,I,2,Puccinia menthae
A1,Lemna gibba community,Mentha aquatica,I,2,Puccinia menthae
A1,Lemna gibba community,Mentha aquatica,I,2,Hymenoscyphus scutula
A1,Lemna gibba community,Mentha aquatica,I,2,Hymenoscyphus repandus
A1,Lemna gibba community,Mentha aquatica,I,2,Erysiphe biocellata
A1,Lemna gibba community,Mentha aquatica,I,2,Erysiphe biocellata
A1,Lemna gibba community,Mentha aquatica,I,2,Chrysolina herbacea
A1,Lemna gibba community,Mentha aquatica,I,2,Chrysolina herbacea
A1,Lemna gibba community,Mentha aquatica,I,2,Chrysolina graminis
A1,Lemna gibba community,Mentha aquatica,I,2,Chrysolina graminis
A1,Lemna gibba community,Mentha aquatica,I,2,Squamapion vicinum
A1,Lemna gibba community,Mentha aquatica,I,2,Eristalis pertinax
A1,Lemna gibba community,Mentha aquatica,I,2,Lon melane
A1,Lemna gibba community,Mentha aquatica,I,2,Lon melane
A1,Lemna gibba community,Mentha aquatica,I,2,Bicyrtes quadrifasciatus
A1,Lemna gibba community,Mentha aquatica,I,2,Aphantopus hyperantus
A1,Lemna gibba community,Mentha aquatica,I,2,Chrysocharis orbicularis
A1,Lemna gibba community,Mentha aquatica,I,2,Sphaceloma menthae
A1,Lemna gibba community,Mentha aquatica,I,2,Ramularia menthicola
A1,Lemna gibba community,Mentha aquatica,I,2,Puccinia menthae
A1,Lemna gibba community,Mentha aquatica,I,2,Puccinia menthae
A1,Lemna gibba community,Mentha aquatica,I,2,Puccinia menthae
A1,Lemna gibba community,Mentha aquatica,I,2,Puccinia menthae
A1,Lemna gibba community,Mentha aquatica,I,2,Puccinia menthae
A1,Lemna gibba community,Mentha aquatica,I,2,Puccinia menthae
A1,Lemna gibba community,Mentha aquatica,I,2,Puccinia menthae
A1,Lemna gibba community,Mentha aquatica,I,2,Puccinia menthae
A1,Lemna gibba community,Mentha aquatica,I,2,Puccinia menthae
A1,Lemna gibba community,Mentha aquatica,I,2,Puccinia menthae
A1,Lemna gibba community,Mentha aquatica,I,2,Puccinia menthae
A1,Lemna gibba community,Mentha aquatica,I,2,Puccinia menthae
A1,Lemna gibba community,Mentha aquatica,I,2,Puccinia menthae
A1,Lemna gibba community,Mentha aquatica,I,2,Puccinia menthae
A1,Lemna gibba community,Mentha aquatica,I,2,Puccinia menthae
A1,Lemna gibba community,Mentha aquatica,I,2,Puccinia menthae
A1,Lemna gibba community,Mentha aquatica,I,2,Puccinia menthae
A1,Lemna gibba community,Mentha aquatica,I,2,Puccinia menthae
A1,Lemna gibba community,Mentha aquatica,I,2,Puccinia menthae
A1,Lemna gibba community,Mentha aquatica,I,2,Puccinia menthae
A1,Lemna gibba community,Mentha aquatica,I,2,Puccinia menthae
A1,Lemna gibba community,Mentha aquatica,I,2,Puccinia menthae
A1,Lemna gibba community,Mentha aquatica,I,2,Puccinia menthae
A1,Lemna gibba community,Mentha aquatica,I,2,Puccinia menthae
A1,Lemna gibba community,Mentha aquatica,I,2,Puccinia menthae
A1,Lemna gibba community,Mentha aquatica,I,2,Puccinia menthae
A1,Lemna gibba community,Mentha aquatica,I,2,Puccinia menthae
A1,Lemna gibba community,Mentha aquatica,I,2,Puccinia menthae
A1,Lemna gibba community,Mentha aquatica,I,2,Puccinia menthae
A1,Lemna gibba community,Mentha aquatica,I,2,Puccinia menthae
A1,Lemna gibba community,Mentha aquatica,I,2,Puccinia menthae
A1,Lemna gibba community,Mentha aquatica,I,2,Puccinia menthae
A1,Lemna gibba community,Mentha aquatica,I,2,Puccinia menthae
A1,Lemna gibba community,Mentha aquatica,I,2,Puccinia menthae
A1,Lemna gibba community,Mentha aquatica,I,2,Puccinia menthae
A1,Lemna gibba community,Mentha aquatica,I,2,Puccinia menthae
A1,Lemna gibba community,Mentha aquatica,I,2,Puccinia menthae
A1,Lemna gibba community,Mentha aquatica,I,2,Puccinia menthae
A1,Lemna gibba community,Mentha aquatica,I,2,Puccinia menthae
A1,Lemna gibba community,Mentha aquatica,I,2,Puccinia menthae
A1,Lemna gibba community,Mentha aquatica,I,2,Puccinia menthae
A1,Lemna gibba community,Mentha aquatica,I,2,Puccinia menthae
A1,Lemna gibba community,Mentha aquatica,I,2,Puccinia menthae
A1,Lemna gibba community,Mentha aquatica,I,2,Puccinia menthae
A1,Lemna gibba community,Mentha aquatica,I,2,Puccinia menthae
A1,Lemna gibba community,Mentha aquatica,I,2,Puccinia menthae
A1,Lemna gibba community,Mentha aquatica,I,2,Puccinia menthae
A1,Lemna gibba community,Mentha aquatica,I,2,Puccinia menthae
A1,Lemna gibba community,Mentha aquatica,I,2,Puccinia menthae
A1,Lemna gibba community,Mentha aquatica,I,2,Puccinia menthae
A1,Lemna gibba community,Mentha aquatica,I,2,Puccinia menthae
A1,Lemna gibba community,Mentha aquatica,I,2,Puccinia menthae
A1,Lemna gibba community,Mentha aquatica,I,2,Puccinia menthae
A1,Lemna gibba community,Mentha aquatica,I,2,Puccinia menthae
A1,Lemna gibba community,Mentha aquatica,I,2,Puccinia menthae
A1,Lemna gibba community,Mentha aquatica,I,2,Puccinia menthae
A1,Lemna gibba community,Mentha aquatica,I,2,Puccinia menthae
A1,Lemna gibba community,Mentha aquatica,I,2,Puccinia menthae
A1,Lemna gibba community,Mentha aquatica,I,2,Physoderma menthae
A1,Lemna gibba community,Mentha aquatica,I,2,Physoderma menthae
A1,Lemna gibba community,Mentha aquatica,I,2,Physoderma menthae
A1,Lemna gibba community,Mentha aquatica,I,2,Physoderma menthae
A1,Lemna gibba community,Mentha aquatica,I,2,Physoderma menthae
A1,Lemna gibba community,Mentha aquatica,I,2,Boeremia strasseri
A1,Lemna gibba community,Mentha aquatica,I,2,Boeremia strasseri
A1,Lemna gibba community,Mentha aquatica,I,2,Boeremia strasseri
A1,Lemna gibba community,Mentha aquatica,I,2,Boeremia strasseri
A1,Lemna gibba community,Mentha aquatica,I,2,Boeremia strasseri
A1,Lemna gibba community,Mentha aquatica,I,2,Boeremia strasseri
A1,Lemna gibba community,Mentha aquatica,I,2,Hymenoscyphus scutula
A1,Lemna gibba community,Mentha aquatica,I,2,Erysiphe lamprocarpa
A1,Lemna gibba community,Mentha aquatica,I,2,Erysiphe cichoracearum
A1,Lemna gibba community,Mentha aquatica,I,2,Erysiphe biocellata
A1,Lemna gibba community,Mentha aquatica,I,2,Helophilus trivittatus
A1,Lemna gibba community,Mentha aquatica,I,2,Lucilia silvarum
A1,Lemna gibba community,Mentha aquatica,I,2,Onesia sepulcralis
A1,Lemna gibba community,Mentha aquatica,I,2,Melanostoma mellinum
A1,Lemna gibba community,Mentha aquatica,I,2,Platycheirus peltatus
A1,Lemna gibba community,Mentha aquatica,I,2,Helophilus pendulus
A1,Lemna gibba community,Mentha aquatica,I,2,Maniola jurtina
A1,Lemna gibba community,Mentha aquatica,I,2,Helophilus hybridus
A1,Lemna gibba community,Mentha aquatica,I,2,Bombus lucorum
A1,Lemna gibba community,Mentha aquatica,I,2,Eristalis interrupta
A1,Lemna gibba community,Mentha aquatica,I,2,Episyrphus balteatus
A1,Lemna gibba community,Mentha aquatica,I,2,Puccinia menthae
A1,Lemna gibba community,Mentha aquatica,I,2,Apion vicinum
A1,Lemna gibba community,Mentha aquatica,I,2,Chrysolina graminis
A1,Lemna gibba community,Mentha aquatica,I,2,Chrysolina herbacea
A1,Lemna gibba community,Mentha aquatica,I,2,Bombus dahlbomii
A1,Lemna gibba community,Mentha aquatica,I,2,Phytomyza tetrasticha
A1,Lemna gibba community,Mentha aquatica,I,2,Puccinia menthae
A1,Lemna gibba community,Mentha aquatica,I,2,Hymenoscyphus scutula
A1,Lemna gibba community,Mentha aquatica,I,2,Physoderma menthae
A1,Lemna gibba community,Mentha aquatica,I,2,Datonychus melanostictus
A1,Lemna gibba community,Mentha aquatica,I,2,Cassida viridis
A1,Lemna gibba community,Mentha aquatica,I,2,Hymenoscyphus repandus
A1,Lemna gibba community,Mentha aquatica,I,2,Erysiphe biocellata
A1,Lemna gibba community,Mentha aquatica,I,2,Meloidoderita kirjanovae
A1,Lemna gibba community,Mentha aquatica,I,2,Meloidoderita kirjanovae
